{"cameraMode":{"drawMode":0,"name":"Shaded","section":"Shading Mode"},"sceneLighting":false,"audioPlay":false,"sceneViewState":{"showFog":true,"showMaterialUpdate":false,"showSkybox":true,"showFlares":true,"showImageEffects":true,"showParticleSystems":true},"in2DMode":false,"pivot":{"x":-0.590003252029419,"y":2.370168685913086,"z":-3.2830069065093996},"rotation":{"x":0.11856022477149964,"y":-0.010116307064890862,"z":0.0012089376104995609,"w":0.9928945899009705},"size":13.062760353088379,"orthographic":false}