{"cameraMode":{"drawMode":0,"name":"Shaded","section":"Shading Mode"},"sceneLighting":true,"audioPlay":false,"sceneViewState":{"showFog":true,"showMaterialUpdate":false,"showSkybox":true,"showFlares":true,"showImageEffects":true,"showParticleSystems":true},"in2DMode":false,"pivot":{"x":-287.7200012207031,"y":216.91000366210938,"z":1204.199951171875},"rotation":{"x":0.001108194119296968,"y":-0.9970531463623047,"z":0.07528309524059296,"w":0.014705535024404526},"size":21.734046936035158,"orthographic":false}