{"cameraMode":{"drawMode":0,"name":"Shaded","section":"Shading Mode"},"sceneLighting":false,"audioPlay":false,"sceneViewState":{"showFog":true,"showMaterialUpdate":false,"showSkybox":true,"showFlares":true,"showImageEffects":true,"showParticleSystems":true},"in2DMode":false,"pivot":{"x":-1.1046479940414429,"y":11.747300148010254,"z":-152.9449920654297},"rotation":{"x":-0.14658606052398683,"y":0.22634360194206239,"z":0.034479912370443347,"w":0.9623368382453919},"size":21.45583724975586,"orthographic":false}