{"cameraMode":{"drawMode":0,"name":"Shaded","section":"Shading Mode"},"sceneLighting":false,"audioPlay":false,"sceneViewState":{"showFog":true,"showMaterialUpdate":false,"showSkybox":true,"showFlares":true,"showImageEffects":true,"showParticleSystems":true},"in2DMode":false,"pivot":{"x":-202.748779296875,"y":245.44935607910157,"z":617.68994140625},"rotation":{"x":-0.019482553005218507,"y":-0.96504807472229,"z":-0.07509905099868775,"w":0.25032541155815127},"size":33109.21484375,"orthographic":false}