{"cameraMode":{"drawMode":0,"name":"Shaded","section":"Shading Mode"},"sceneLighting":false,"audioPlay":false,"sceneViewState":{"showFog":true,"showMaterialUpdate":false,"showSkybox":true,"showFlares":true,"showImageEffects":true,"showParticleSystems":true},"in2DMode":false,"pivot":{"x":-0.590003252029419,"y":2.370168685913086,"z":-3.2830069065093996},"rotation":{"x":-0.022840391844511033,"y":0.34710273146629336,"z":-0.008457783609628678,"w":-0.9375107884407044},"size":26.06060218811035,"orthographic":false}