{"cameraMode":{"drawMode":0,"name":"Shaded","section":"Shading Mode"},"sceneLighting":false,"audioPlay":false,"sceneViewState":{"showFog":true,"showMaterialUpdate":false,"showSkybox":true,"showFlares":true,"showImageEffects":true,"showParticleSystems":true},"in2DMode":false,"pivot":{"x":-25.16118049621582,"y":9.044378280639649,"z":-2.2500159740448},"rotation":{"x":0.06560742855072022,"y":0.8355057239532471,"z":-0.1022871807217598,"w":0.5358762145042419},"size":88.61809539794922,"orthographic":false}