{"cameraMode":{"drawMode":0,"name":"Shaded","section":"Shading Mode"},"sceneLighting":true,"audioPlay":false,"sceneViewState":{"showFog":true,"showMaterialUpdate":false,"showSkybox":true,"showFlares":true,"showImageEffects":true,"showParticleSystems":true},"in2DMode":false,"pivot":{"x":27.551666259765626,"y":73.44999694824219,"z":115.29426574707031},"rotation":{"x":0.022123944014310838,"y":-0.906737744808197,"z":0.04795461893081665,"w":0.4183749258518219},"size":1383.200439453125,"orthographic":false}