{"cameraMode":{"drawMode":0,"name":"Shaded","section":"Shading Mode"},"sceneLighting":false,"audioPlay":false,"sceneViewState":{"showFog":true,"showMaterialUpdate":true,"showSkybox":true,"showFlares":true,"showImageEffects":true,"showParticleSystems":true},"in2DMode":false,"pivot":{"x":-287.4833984375,"y":213.14999389648438,"z":1235.0},"rotation":{"x":-0.14347323775291444,"y":0.03259066119790077,"z":-0.004732960369437933,"w":-0.9891061186790466},"size":5.907787799835205,"orthographic":false}