{"cameraMode":{"drawMode":0,"name":"Shaded","section":"Shading Mode"},"sceneLighting":false,"audioPlay":false,"sceneViewState":{"showFog":true,"showMaterialUpdate":true,"showSkybox":true,"showFlares":true,"showImageEffects":true,"showParticleSystems":true},"in2DMode":false,"pivot":{"x":-1.1480000019073487,"y":-39.65999984741211,"z":34.77000045776367},"rotation":{"x":0.03135025501251221,"y":0.11645001918077469,"z":-0.003671840764582157,"w":0.9926949143409729},"size":5.752828598022461,"orthographic":false}