{"cameraMode":{"drawMode":0,"name":"Shaded","section":"Shading Mode"},"sceneLighting":false,"audioPlay":false,"sceneViewState":{"showFog":true,"showMaterialUpdate":true,"showSkybox":true,"showFlares":true,"showImageEffects":true,"showParticleSystems":true},"in2DMode":false,"pivot":{"x":-33.466373443603519,"y":-0.6094436049461365,"z":-3.854058027267456},"rotation":{"x":0.016396233811974527,"y":-0.9255853891372681,"z":0.040372684597969058,"w":0.3760223984718323},"size":2.7080860137939455,"orthographic":false}