{"cameraMode":{"drawMode":0,"name":"Shaded","section":"Shading Mode"},"sceneLighting":false,"audioPlay":false,"sceneViewState":{"showFog":true,"showMaterialUpdate":true,"showSkybox":true,"showFlares":true,"showImageEffects":true,"showParticleSystems":true},"in2DMode":false,"pivot":{"x":-286.6752624511719,"y":212.30999755859376,"z":1248.22998046875},"rotation":{"x":-0.14347323775291444,"y":0.03259066119790077,"z":-0.004732960369437933,"w":-0.9891061186790466},"size":22.0,"orthographic":false}