{"cameraMode":{"drawMode":0,"name":"Shaded","section":"Shading Mode"},"sceneLighting":true,"audioPlay":false,"sceneViewState":{"showFog":true,"showMaterialUpdate":true,"showSkybox":true,"showFlares":true,"showImageEffects":true,"showParticleSystems":true},"in2DMode":false,"pivot":{"x":-0.0031213760375976564,"y":-1.1999998092651368,"z":-3.3000001907348635},"rotation":{"x":0.3650459945201874,"y":0.22303147614002229,"z":-0.09052440524101258,"w":0.8993351459503174},"size":13.875545501708985,"orthographic":false}