{"cameraMode":{"drawMode":0,"name":"Shaded","section":"Shading Mode"},"sceneLighting":false,"audioPlay":false,"sceneViewState":{"showFog":true,"showMaterialUpdate":true,"showSkybox":true,"showFlares":true,"showImageEffects":true,"showParticleSystems":true},"in2DMode":false,"pivot":{"x":-1.1480000019073487,"y":-39.65999984741211,"z":34.77000045776367},"rotation":{"x":0.025522811338305475,"y":-0.058672890067100528,"z":0.0015063087921589614,"w":0.9979498386383057},"size":5.752828598022461,"orthographic":false}