{"cameraMode":{"drawMode":0,"name":"Shaded","section":"Shading Mode"},"sceneLighting":true,"audioPlay":false,"sceneViewState":{"showFog":true,"showMaterialUpdate":true,"showSkybox":true,"showFlares":true,"showImageEffects":true,"showParticleSystems":true},"in2DMode":false,"pivot":{"x":-272.5656433105469,"y":212.50852966308595,"z":1257.83154296875},"rotation":{"x":0.0704229474067688,"y":0.09592146426439285,"z":-0.006803268566727638,"w":0.9928794503211975},"size":23.62063980102539,"orthographic":false}