{"cameraMode":{"drawMode":0,"name":"Shaded","section":"Shading Mode"},"sceneLighting":false,"audioPlay":false,"sceneViewState":{"showFog":true,"showMaterialUpdate":true,"showSkybox":true,"showFlares":true,"showImageEffects":true,"showParticleSystems":true},"in2DMode":false,"pivot":{"x":0.0,"y":-0.09494315087795258,"z":3.259629011154175e-7},"rotation":{"x":-0.1105058342218399,"y":-0.7403244376182556,"z":0.12564466893672944,"w":-0.6510926485061646},"size":3.3098738193511965,"orthographic":false}