{"cameraMode":{"drawMode":0,"name":"Shaded","section":"Shading Mode"},"sceneLighting":true,"audioPlay":false,"sceneViewState":{"showFog":true,"showMaterialUpdate":true,"showSkybox":true,"showFlares":true,"showImageEffects":true,"showParticleSystems":true},"in2DMode":false,"pivot":{"x":631.3168334960938,"y":371.5770263671875,"z":-0.12164306640625},"rotation":{"x":-0.0095221484079957,"y":-0.0005577916745096445,"z":-0.000004108523626200622,"w":0.9999545216560364},"size":879.9603881835938,"orthographic":false}