{"cameraMode":{"drawMode":0,"name":"Shaded","section":"Shading Mode"},"sceneLighting":false,"audioPlay":false,"sceneViewState":{"showFog":true,"showMaterialUpdate":true,"showSkybox":true,"showFlares":true,"showImageEffects":true,"showParticleSystems":true},"in2DMode":false,"pivot":{"x":0.0,"y":30.99132537841797,"z":-1.639923095703125},"rotation":{"x":-0.40055596828460696,"y":-0.17396822571754456,"z":0.07774495333433151,"w":-0.8962397575378418},"size":1015.2613525390625,"orthographic":false}