{"cameraMode":{"drawMode":0,"name":"Shaded","section":"Shading Mode"},"sceneLighting":false,"audioPlay":false,"sceneViewState":{"showFog":true,"showMaterialUpdate":true,"showSkybox":true,"showFlares":true,"showImageEffects":true,"showParticleSystems":true},"in2DMode":false,"pivot":{"x":-9.977642059326172,"y":6.15755558013916,"z":-2.6624884605407717},"rotation":{"x":0.0699305459856987,"y":0.9299448728561401,"z":-0.24720630049705506,"w":0.2630617022514343},"size":77.38522338867188,"orthographic":false}