{"cameraMode":{"drawMode":0,"name":"Shaded","section":"Shading Mode"},"sceneLighting":false,"audioPlay":false,"sceneViewState":{"showFog":true,"showMaterialUpdate":false,"showSkybox":true,"showFlares":true,"showImageEffects":true,"showParticleSystems":true},"in2DMode":false,"pivot":{"x":5.066394805908203e-7,"y":1.2132666110992432,"z":-2.397906541824341},"rotation":{"x":0.06469903141260147,"y":0.8022896647453308,"z":-0.08845748752355576,"w":0.5867883563041687},"size":5.165837287902832,"orthographic":false}