{"cameraMode":{"drawMode":0,"name":"Shaded","section":"Shading Mode"},"sceneLighting":false,"audioPlay":false,"sceneViewState":{"showFog":true,"showMaterialUpdate":true,"showSkybox":true,"showFlares":true,"showImageEffects":true,"showParticleSystems":true},"in2DMode":false,"pivot":{"x":-34.77630615234375,"y":-1.0331664085388184,"z":-3.709400177001953},"rotation":{"x":-0.2876002788543701,"y":-0.07269952446222305,"z":0.021894384175539018,"w":-0.9547364115715027},"size":3.859168291091919,"orthographic":false}