{"cameraMode":{"drawMode":0,"name":"Shaded","section":"Shading Mode"},"sceneLighting":false,"audioPlay":false,"sceneViewState":{"showFog":true,"showMaterialUpdate":true,"showSkybox":true,"showFlares":true,"showImageEffects":true,"showParticleSystems":true},"in2DMode":false,"pivot":{"x":2.880000114440918,"y":-39.11000061035156,"z":32.0799560546875},"rotation":{"x":0.044926632195711139,"y":-0.07507951557636261,"z":0.0033918144181370737,"w":0.9961592555046082},"size":5.752828598022461,"orthographic":false}