{"cameraMode":{"drawMode":0,"name":"Shaded","section":"Shading Mode"},"sceneLighting":false,"audioPlay":false,"sceneViewState":{"showFog":true,"showMaterialUpdate":true,"showSkybox":true,"showFlares":true,"showImageEffects":true,"showParticleSystems":true},"in2DMode":false,"pivot":{"x":0.10833927989006043,"y":1.2091493606567383,"z":0.8545585870742798},"rotation":{"x":-0.04801546037197113,"y":0.03826611861586571,"z":-0.0018466162728145719,"w":-0.9981116056442261},"size":6.1403045654296879,"orthographic":false}