{"cameraMode":{"drawMode":0,"name":"Shaded","section":"Shading Mode"},"sceneLighting":false,"audioPlay":false,"sceneViewState":{"showFog":true,"showMaterialUpdate":true,"showSkybox":true,"showFlares":true,"showImageEffects":true,"showParticleSystems":true},"in2DMode":false,"pivot":{"x":-34.77630615234375,"y":-1.0331664085388184,"z":-3.709400177001953},"rotation":{"x":0.10710284858942032,"y":-0.20128504931926728,"z":0.0221522506326437,"w":0.9734077453613281},"size":3.859168291091919,"orthographic":false}