{"cameraMode":{"drawMode":0,"name":"Shaded","section":"Shading Mode"},"sceneLighting":false,"audioPlay":false,"sceneViewState":{"showFog":true,"showMaterialUpdate":false,"showSkybox":true,"showFlares":true,"showImageEffects":true,"showParticleSystems":true},"in2DMode":false,"pivot":{"x":-294.3699645996094,"y":213.0093536376953,"z":1319.7784423828125},"rotation":{"x":-0.10322654247283936,"y":-0.187717467546463,"z":0.019841639325022699,"w":-0.9765821695327759},"size":15.853316307067871,"orthographic":false}