{"cameraMode":{"drawMode":0,"name":"Shaded","section":"Shading Mode"},"sceneLighting":false,"audioPlay":false,"sceneViewState":{"showFog":true,"showMaterialUpdate":true,"showSkybox":true,"showFlares":true,"showImageEffects":true,"showParticleSystems":true},"in2DMode":false,"pivot":{"x":-287.04998779296877,"y":213.41000366210938,"z":1228.4100341796875},"rotation":{"x":0.004511863924562931,"y":0.7015673518180847,"z":-0.004440490622073412,"w":0.7125750780105591},"size":6.131117343902588,"orthographic":false}