{"cameraMode":{"drawMode":0,"name":"Shaded","section":"Shading Mode"},"sceneLighting":false,"audioPlay":false,"sceneViewState":{"showFog":true,"showMaterialUpdate":true,"showSkybox":true,"showFlares":true,"showImageEffects":true,"showParticleSystems":true},"in2DMode":false,"pivot":{"x":-287.4833984375,"y":213.33999633789063,"z":1234.190673828125},"rotation":{"x":0.016502782702445985,"y":0.08964025974273682,"z":-0.0014797573676332832,"w":0.9958363771438599},"size":7.874817848205566,"orthographic":false}