{"cameraMode":{"drawMode":0,"name":"Shaded","section":"Shading Mode"},"sceneLighting":true,"audioPlay":false,"sceneViewState":{"showFog":true,"showMaterialUpdate":false,"showSkybox":true,"showFlares":true,"showImageEffects":true,"showParticleSystems":true},"in2DMode":false,"pivot":{"x":-36.62443161010742,"y":-38.441368103027347,"z":-319.4096374511719},"rotation":{"x":0.01347238477319479,"y":0.9824811220169067,"z":-0.07857845723628998,"w":0.168448343873024},"size":7.9435906410217289,"orthographic":false}